Team,Winrate,Season
MIL,0.732,18_19
TOR,0.707,18_19
GSW,0.695,18_19
DEN,0.659,18_19
POR,0.646,18_19
HOU,0.646,18_19
PHI,0.622,18_19
UTA,0.61,18_19
BOS,0.598,18_19
OKC,0.598,18_19
LAC,0.585,18_19
SAS,0.585,18_19
IND,0.585,18_19
BRK,0.512,18_19
ORL,0.512,18_19
DET,0.5,18_19
CHO,0.476,18_19
MIA,0.476,18_19
SAC,0.476,18_19
LAL,0.451,18_19
MIN,0.439,18_19
DAL,0.402,18_19
NOP,0.402,18_19
MEM,0.402,18_19
WAS,0.39,18_19
ATL,0.354,18_19
CHI,0.268,18_19
CLE,0.232,18_19
PHO,0.232,18_19
NYK,0.207,18_19
